[
  {
    "id": "98a28308-eec0-4c58-8311-88a1717e4871",
    "data": [
      {
        "text": "O que tem para comer ",
        "userDefined": false
      },
      {
        "text": "hoje",
        "meta": "@sys.ignore",
        "userDefined": false
      }
    ],
    "isTemplate": false,
    "count": 0,
    "updated": 0
  },
  {
    "id": "9ad77c32-8c7d-42f1-908a-c14e828fcb1b",
    "data": [
      {
        "text": "Vocês vendem refrigerante",
        "userDefined": false
      }
    ],
    "isTemplate": false,
    "count": 0,
    "updated": 0
  },
  {
    "id": "91e40727-afdd-4bc3-96a0-fc735343bfdc",
    "data": [
      {
        "text": "quais produtos vocês vendem",
        "userDefined": false
      }
    ],
    "isTemplate": false,
    "count": 0,
    "updated": 0
  },
  {
    "id": "6b622d4d-ee7e-466a-874c-ba8cf74093d9",
    "data": [
      {
        "text": "Posso ver o menu",
        "userDefined": false
      }
    ],
    "isTemplate": false,
    "count": 0,
    "updated": 0
  },
  {
    "id": "030c14f2-001b-4102-86d0-373892c160dc",
    "data": [
      {
        "text": "Quero ver o cardárpio",
        "userDefined": false
      }
    ],
    "isTemplate": false,
    "count": 0,
    "updated": 0
  }
]