[
  {
    "id": "fab7f142-4a5b-4110-b621-e35b8478f0c1",
    "data": [
      {
        "text": "vou querer ",
        "userDefined": false
      },
      {
        "text": "um",
        "meta": "@sys.ignore",
        "userDefined": false
      },
      {
        "text": " x-salada",
        "userDefined": false
      }
    ],
    "isTemplate": false,
    "count": 0,
    "updated": 0
  },
  {
    "id": "f807ed76-5ecc-4192-9a00-b59da08093ac",
    "data": [
      {
        "text": "eu quero pedir ",
        "userDefined": false
      },
      {
        "text": "um",
        "meta": "@sys.ignore",
        "userDefined": false
      },
      {
        "text": " sanduiche",
        "userDefined": false
      }
    ],
    "isTemplate": false,
    "count": 0,
    "updated": 0
  },
  {
    "id": "21db7d7c-c49a-4cbd-add3-1b4fce908603",
    "data": [
      {
        "text": "oba, eu quero ",
        "userDefined": false
      },
      {
        "text": "um",
        "meta": "@sys.ignore",
        "userDefined": false
      },
      {
        "text": " refri",
        "userDefined": false
      }
    ],
    "isTemplate": false,
    "count": 0,
    "updated": 0
  },
  {
    "id": "9fbbe8ad-5a2e-446a-8841-52701ba85860",
    "data": [
      {
        "text": "gostaria de pedir ",
        "userDefined": false
      },
      {
        "text": "um",
        "meta": "@sys.ignore",
        "userDefined": false
      },
      {
        "text": " hot-dog",
        "userDefined": false
      }
    ],
    "isTemplate": false,
    "count": 0,
    "updated": 0
  },
  {
    "id": "acb14fcd-fe1c-4eb3-8ad6-dcdf4dff6e8c",
    "data": [
      {
        "text": "quero fazer ",
        "userDefined": false
      },
      {
        "text": "um",
        "meta": "@sys.ignore",
        "userDefined": false
      },
      {
        "text": " pedido",
        "userDefined": false
      }
    ],
    "isTemplate": false,
    "count": 0,
    "updated": 0
  }
]