[
  {
    "id": "b5fc69bb-5119-4652-8a05-41f28e2131f1",
    "data": [
      {
        "text": "vai demorar muito para a entrega?",
        "userDefined": false
      }
    ],
    "isTemplate": false,
    "count": 0,
    "updated": 0
  },
  {
    "id": "ccceb176-2882-458d-a653-4dd5973eeebe",
    "data": [
      {
        "text": "quando vai ficar pronto",
        "userDefined": false
      }
    ],
    "isTemplate": false,
    "count": 0,
    "updated": 0
  },
  {
    "id": "f6b8a1d3-968f-45f3-993c-3f6af1257e48",
    "data": [
      {
        "text": "como está o meu pedido",
        "userDefined": false
      }
    ],
    "isTemplate": false,
    "count": 0,
    "updated": 0
  },
  {
    "id": "82be65d6-94e4-4e59-bb5a-a8b3782af92b",
    "data": [
      {
        "text": "queria saber o status do meu pedido",
        "userDefined": false
      }
    ],
    "isTemplate": false,
    "count": 0,
    "updated": 0
  },
  {
    "id": "d8435f6b-511d-4052-8ee1-600a07ca0d14",
    "data": [
      {
        "text": "quero saber quando meu pedido vai ficar pronto",
        "userDefined": false
      }
    ],
    "isTemplate": false,
    "count": 0,
    "updated": 0
  },
  {
    "id": "6d15872e-7b07-4aee-86ba-3ea076b445f3",
    "data": [
      {
        "text": "quero conferir o status do meu pedido",
        "userDefined": false
      }
    ],
    "isTemplate": false,
    "count": 0,
    "updated": 0
  }
]